"Crab","Treatment","day","J1toJ2event","J2toJ3event","J3toJ4event","J4toJ5event","J5toJ6event","J6toJ7event"
"CH01_1","Low CO2",6,0,NA,NA,NA,NA,NA
"CH01_10","Low CO2",27,0,NA,NA,NA,NA,NA
"CH01_11","Low CO2",23,0,NA,NA,NA,NA,NA
"CH01_12","Low CO2",5,0,NA,NA,NA,NA,NA
"CH01_13","Low CO2",16,0,NA,NA,NA,NA,NA
"CH01_14","Low CO2",21,1,NA,NA,NA,NA,NA
"CH01_14","Low CO2",50,NA,1,NA,NA,NA,NA
"CH01_14","Low CO2",82,NA,NA,1,NA,NA,NA
"CH01_14","Low CO2",128,NA,NA,NA,1,NA,NA
"CH01_14","Low CO2",270,NA,NA,NA,NA,1,NA
"CH01_14","Low CO2",324,NA,NA,NA,NA,NA,0
"CH01_16","Low CO2",31,1,NA,NA,NA,NA,NA
"CH01_16","Low CO2",69,NA,1,NA,NA,NA,NA
"CH01_16","Low CO2",125,NA,NA,1,NA,NA,NA
"CH01_16","Low CO2",209,NA,NA,NA,0,NA,NA
"CH01_18","Low CO2",8,0,NA,NA,NA,NA,NA
"CH01_19","Low CO2",22,1,NA,NA,NA,NA,NA
"CH01_19","Low CO2",46,NA,1,NA,NA,NA,NA
"CH01_19","Low CO2",76,NA,NA,1,NA,NA,NA
"CH01_19","Low CO2",231,NA,NA,NA,0,NA,NA
"CH01_2","Low CO2",28,0,NA,NA,NA,NA,NA
"CH01_20","Low CO2",16,1,NA,NA,NA,NA,NA
"CH01_20","Low CO2",85,NA,0,NA,NA,NA,NA
"CH01_22","Low CO2",21,1,NA,NA,NA,NA,NA
"CH01_22","Low CO2",46,NA,1,NA,NA,NA,NA
"CH01_22","Low CO2",76,NA,NA,1,NA,NA,NA
"CH01_22","Low CO2",127,NA,NA,NA,1,NA,NA
"CH01_22","Low CO2",224,NA,NA,NA,NA,1,NA
"CH01_22","Low CO2",324,NA,NA,NA,NA,NA,0
"CH01_23","Low CO2",24,1,NA,NA,NA,NA,NA
"CH01_23","Low CO2",28,NA,0,NA,NA,NA,NA
"CH01_24","Low CO2",9,0,NA,NA,NA,NA,NA
"CH01_25","Low CO2",23,1,NA,NA,NA,NA,NA
"CH01_25","Low CO2",49,NA,1,NA,NA,NA,NA
"CH01_25","Low CO2",92,NA,NA,1,NA,NA,NA
"CH01_25","Low CO2",282,NA,NA,NA,0,NA,NA
"CH01_27","Low CO2",28,1,NA,NA,NA,NA,NA
"CH01_27","Low CO2",57,NA,1,NA,NA,NA,NA
"CH01_27","Low CO2",96,NA,NA,1,NA,NA,NA
"CH01_27","Low CO2",163,NA,NA,NA,1,NA,NA
"CH01_27","Low CO2",257,NA,NA,NA,NA,0,NA
"CH01_28","Low CO2",6,0,NA,NA,NA,NA,NA
"CH01_30","Low CO2",33,1,NA,NA,NA,NA,NA
"CH01_30","Low CO2",60,NA,1,NA,NA,NA,NA
"CH01_30","Low CO2",93,NA,NA,1,NA,NA,NA
"CH01_30","Low CO2",138,NA,NA,NA,1,NA,NA
"CH01_30","Low CO2",322,NA,NA,NA,NA,0,NA
"CH01_32","Low CO2",30,1,NA,NA,NA,NA,NA
"CH01_32","Low CO2",52,NA,0,NA,NA,NA,NA
"CH01_34","Low CO2",5,0,NA,NA,NA,NA,NA
"CH01_35","Low CO2",5,0,NA,NA,NA,NA,NA
"CH01_36","Low CO2",21,1,NA,NA,NA,NA,NA
"CH01_36","Low CO2",44,NA,1,NA,NA,NA,NA
"CH01_36","Low CO2",140,NA,NA,0,NA,NA,NA
"CH01_37","Low CO2",2,0,NA,NA,NA,NA,NA
"CH01_38","Low CO2",26,1,NA,NA,NA,NA,NA
"CH01_38","Low CO2",56,NA,1,NA,NA,NA,NA
"CH01_38","Low CO2",90,NA,NA,1,NA,NA,NA
"CH01_38","Low CO2",148,NA,NA,NA,1,NA,NA
"CH01_38","Low CO2",234,NA,NA,NA,NA,1,NA
"CH01_38","Low CO2",323,NA,NA,NA,NA,NA,0
"CH01_39","Low CO2",27,1,NA,NA,NA,NA,NA
"CH01_39","Low CO2",57,NA,1,NA,NA,NA,NA
"CH01_39","Low CO2",90,NA,NA,1,NA,NA,NA
"CH01_39","Low CO2",141,NA,NA,NA,1,NA,NA
"CH01_39","Low CO2",282,NA,NA,NA,NA,0,NA
"CH01_4","Low CO2",7,0,NA,NA,NA,NA,NA
"CH01_40","Low CO2",30,1,NA,NA,NA,NA,NA
"CH01_40","Low CO2",57,NA,1,NA,NA,NA,NA
"CH01_40","Low CO2",96,NA,NA,1,NA,NA,NA
"CH01_40","Low CO2",141,NA,NA,NA,1,NA,NA
"CH01_40","Low CO2",192,NA,NA,NA,NA,0,NA
"CH01_41","Low CO2",25,1,NA,NA,NA,NA,NA
"CH01_41","Low CO2",51,NA,1,NA,NA,NA,NA
"CH01_41","Low CO2",94,NA,NA,1,NA,NA,NA
"CH01_41","Low CO2",187,NA,NA,NA,1,NA,NA
"CH01_41","Low CO2",303,NA,NA,NA,NA,0,NA
"CH01_5","Low CO2",27,1,NA,NA,NA,NA,NA
"CH01_5","Low CO2",34,NA,0,NA,NA,NA,NA
"CH01_6","Low CO2",26,1,NA,NA,NA,NA,NA
"CH01_6","Low CO2",53,NA,1,NA,NA,NA,NA
"CH01_6","Low CO2",84,NA,NA,1,NA,NA,NA
"CH01_6","Low CO2",134,NA,NA,NA,1,NA,NA
"CH01_6","Low CO2",214,NA,NA,NA,NA,1,NA
"CH01_6","Low CO2",287,NA,NA,NA,NA,NA,1
"CH01_7","Low CO2",7,0,NA,NA,NA,NA,NA
"CH01_8","Low CO2",30,1,NA,NA,NA,NA,NA
"CH01_8","Low CO2",60,NA,1,NA,NA,NA,NA
"CH01_8","Low CO2",105,NA,NA,1,NA,NA,NA
"CH01_8","Low CO2",161,NA,NA,NA,1,NA,NA
"CH01_8","Low CO2",322,NA,NA,NA,NA,0,NA
"CH01_9","Low CO2",8,0,NA,NA,NA,NA,NA
"CH01_P1","Low CO2",23,1,NA,NA,NA,NA,NA
"CH01_P1","Low CO2",49,NA,1,NA,NA,NA,NA
"CH01_P1","Low CO2",82,NA,NA,1,NA,NA,NA
"CH01_P1","Low CO2",119,NA,NA,NA,1,NA,NA
"CH01_P1","Low CO2",180,NA,NA,NA,NA,0,NA
"CH01_P2","Low CO2",24,1,NA,NA,NA,NA,NA
"CH01_P2","Low CO2",53,NA,0,NA,NA,NA,NA
"CH01_P3","Low CO2",17,1,NA,NA,NA,NA,NA
"CH01_P3","Low CO2",41,NA,1,NA,NA,NA,NA
"CH01_P3","Low CO2",69,NA,NA,0,NA,NA,NA
"CH03_1","Low CO2",6,0,NA,NA,NA,NA,NA
"CH03_10","Low CO2",33,1,NA,NA,NA,NA,NA
"CH03_10","Low CO2",53,NA,0,NA,NA,NA,NA
"CH03_11","Low CO2",28,1,NA,NA,NA,NA,NA
"CH03_11","Low CO2",55,NA,1,NA,NA,NA,NA
"CH03_11","Low CO2",93,NA,NA,1,NA,NA,NA
"CH03_11","Low CO2",149,NA,NA,NA,1,NA,NA
"CH03_11","Low CO2",322,NA,NA,NA,NA,0,NA
"CH03_12","Low CO2",10,0,NA,NA,NA,NA,NA
"CH03_13","Low CO2",28,1,NA,NA,NA,NA,NA
"CH03_13","Low CO2",55,NA,1,NA,NA,NA,NA
"CH03_13","Low CO2",92,NA,NA,1,NA,NA,NA
"CH03_13","Low CO2",137,NA,NA,NA,1,NA,NA
"CH03_13","Low CO2",228,NA,NA,NA,NA,1,NA
"CH03_13","Low CO2",300,NA,NA,NA,NA,NA,0
"CH03_14","Low CO2",31,0,NA,NA,NA,NA,NA
"CH03_15","Low CO2",26,1,NA,NA,NA,NA,NA
"CH03_15","Low CO2",52,NA,1,NA,NA,NA,NA
"CH03_15","Low CO2",79,NA,NA,1,NA,NA,NA
"CH03_15","Low CO2",122,NA,NA,NA,1,NA,NA
"CH03_15","Low CO2",190,NA,NA,NA,NA,1,NA
"CH03_15","Low CO2",324,NA,NA,NA,NA,NA,0
"CH03_16","Low CO2",26,1,NA,NA,NA,NA,NA
"CH03_16","Low CO2",43,NA,0,NA,NA,NA,NA
"CH03_17","Low CO2",9,0,NA,NA,NA,NA,NA
"CH03_18","Low CO2",13,0,NA,NA,NA,NA,NA
"CH03_19","Low CO2",10,0,NA,NA,NA,NA,NA
"CH03_2","Low CO2",25,1,NA,NA,NA,NA,NA
"CH03_2","Low CO2",52,NA,1,NA,NA,NA,NA
"CH03_2","Low CO2",93,NA,NA,1,NA,NA,NA
"CH03_2","Low CO2",126,NA,NA,NA,1,NA,NA
"CH03_2","Low CO2",291,NA,NA,NA,NA,0,NA
"CH03_20","Low CO2",29,1,NA,NA,NA,NA,NA
"CH03_20","Low CO2",62,NA,0,NA,NA,NA,NA
"CH03_21","Low CO2",5,0,NA,NA,NA,NA,NA
"CH03_22","Low CO2",21,0,NA,NA,NA,NA,NA
"CH03_23","Low CO2",22,1,NA,NA,NA,NA,NA
"CH03_23","Low CO2",56,NA,1,NA,NA,NA,NA
"CH03_23","Low CO2",98,NA,NA,1,NA,NA,NA
"CH03_23","Low CO2",257,NA,NA,NA,0,NA,NA
"CH03_24","Low CO2",26,1,NA,NA,NA,NA,NA
"CH03_24","Low CO2",63,NA,1,NA,NA,NA,NA
"CH03_24","Low CO2",94,NA,NA,0,NA,NA,NA
"CH03_25","Low CO2",6,0,NA,NA,NA,NA,NA
"CH03_27","Low CO2",21,1,NA,NA,NA,NA,NA
"CH03_27","Low CO2",43,NA,1,NA,NA,NA,NA
"CH03_27","Low CO2",70,NA,NA,0,NA,NA,NA
"CH03_28","Low CO2",21,1,NA,NA,NA,NA,NA
"CH03_28","Low CO2",42,NA,1,NA,NA,NA,NA
"CH03_28","Low CO2",76,NA,NA,1,NA,NA,NA
"CH03_28","Low CO2",118,NA,NA,NA,0,NA,NA
"CH03_29","Low CO2",20,1,NA,NA,NA,NA,NA
"CH03_29","Low CO2",43,NA,1,NA,NA,NA,NA
"CH03_29","Low CO2",73,NA,NA,1,NA,NA,NA
"CH03_29","Low CO2",157,NA,NA,NA,1,NA,NA
"CH03_29","Low CO2",324,NA,NA,NA,NA,0,NA
"CH03_30","Low CO2",22,0,NA,NA,NA,NA,NA
"CH03_31","Low CO2",7,0,NA,NA,NA,NA,NA
"CH03_32","Low CO2",22,1,NA,NA,NA,NA,NA
"CH03_32","Low CO2",51,NA,1,NA,NA,NA,NA
"CH03_32","Low CO2",81,NA,NA,1,NA,NA,NA
"CH03_32","Low CO2",123,NA,NA,NA,1,NA,NA
"CH03_32","Low CO2",181,NA,NA,NA,NA,1,NA
"CH03_32","Low CO2",300,NA,NA,NA,NA,NA,0
"CH03_33","Low CO2",24,1,NA,NA,NA,NA,NA
"CH03_33","Low CO2",48,NA,1,NA,NA,NA,NA
"CH03_33","Low CO2",80,NA,NA,1,NA,NA,NA
"CH03_33","Low CO2",127,NA,NA,NA,1,NA,NA
"CH03_33","Low CO2",182,NA,NA,NA,NA,1,NA
"CH03_33","Low CO2",324,NA,NA,NA,NA,NA,0
"CH03_34","Low CO2",27,1,NA,NA,NA,NA,NA
"CH03_34","Low CO2",52,NA,1,NA,NA,NA,NA
"CH03_34","Low CO2",81,NA,NA,1,NA,NA,NA
"CH03_34","Low CO2",131,NA,NA,NA,1,NA,NA
"CH03_34","Low CO2",171,NA,NA,NA,NA,0,NA
"CH03_36","Low CO2",11,0,NA,NA,NA,NA,NA
"CH03_4","Low CO2",28,1,NA,NA,NA,NA,NA
"CH03_4","Low CO2",53,NA,1,NA,NA,NA,NA
"CH03_4","Low CO2",84,NA,NA,1,NA,NA,NA
"CH03_4","Low CO2",126,NA,NA,NA,1,NA,NA
"CH03_4","Low CO2",186,NA,NA,NA,NA,1,NA
"CH03_4","Low CO2",274,NA,NA,NA,NA,NA,1
"CH03_5","Low CO2",29,1,NA,NA,NA,NA,NA
"CH03_5","Low CO2",57,NA,1,NA,NA,NA,NA
"CH03_5","Low CO2",88,NA,NA,1,NA,NA,NA
"CH03_5","Low CO2",136,NA,NA,NA,1,NA,NA
"CH03_5","Low CO2",322,NA,NA,NA,NA,0,NA
"CH03_6","Low CO2",7,0,NA,NA,NA,NA,NA
"CH03_8","Low CO2",27,1,NA,NA,NA,NA,NA
"CH03_8","Low CO2",52,NA,1,NA,NA,NA,NA
"CH03_8","Low CO2",83,NA,NA,1,NA,NA,NA
"CH03_8","Low CO2",150,NA,NA,NA,1,NA,NA
"CH03_8","Low CO2",323,NA,NA,NA,NA,0,NA
"CH03_9","Low CO2",22,1,NA,NA,NA,NA,NA
"CH03_9","Low CO2",54,NA,1,NA,NA,NA,NA
"CH03_9","Low CO2",71,NA,NA,0,NA,NA,NA
"CH03_P4","Low CO2",41,1,NA,NA,NA,NA,NA
"CH03_P4","Low CO2",71,NA,1,NA,NA,NA,NA
"CH03_P4","Low CO2",135,NA,NA,1,NA,NA,NA
"CH03_P4","Low CO2",216,NA,NA,NA,1,NA,NA
"CH03_P4","Low CO2",273,NA,NA,NA,NA,1,NA
"CH03_P4","Low CO2",320,NA,NA,NA,NA,NA,0
"CH03_P5","Low CO2",28,0,NA,NA,NA,NA,NA
"CH05_1","High CO2",31,1,NA,NA,NA,NA,NA
"CH05_1","High CO2",56,NA,1,NA,NA,NA,NA
"CH05_1","High CO2",93,NA,NA,1,NA,NA,NA
"CH05_1","High CO2",146,NA,NA,NA,1,NA,NA
"CH05_1","High CO2",215,NA,NA,NA,NA,1,NA
"CH05_1","High CO2",283,NA,NA,NA,NA,NA,1
"CH05_10","High CO2",7,0,NA,NA,NA,NA,NA
"CH05_11","High CO2",26,1,NA,NA,NA,NA,NA
"CH05_11","High CO2",53,NA,1,NA,NA,NA,NA
"CH05_11","High CO2",95,NA,NA,1,NA,NA,NA
"CH05_11","High CO2",160,NA,NA,NA,0,NA,NA
"CH05_12","High CO2",10,0,NA,NA,NA,NA,NA
"CH05_13","High CO2",28,1,NA,NA,NA,NA,NA
"CH05_13","High CO2",54,NA,1,NA,NA,NA,NA
"CH05_13","High CO2",88,NA,NA,1,NA,NA,NA
"CH05_13","High CO2",141,NA,NA,NA,1,NA,NA
"CH05_13","High CO2",261,NA,NA,NA,NA,1,NA
"CH05_13","High CO2",268,NA,NA,NA,NA,NA,0
"CH05_14","High CO2",30,1,NA,NA,NA,NA,NA
"CH05_14","High CO2",61,NA,1,NA,NA,NA,NA
"CH05_14","High CO2",91,NA,NA,1,NA,NA,NA
"CH05_14","High CO2",143,NA,NA,NA,1,NA,NA
"CH05_14","High CO2",239,NA,NA,NA,NA,1,NA
"CH05_14","High CO2",324,NA,NA,NA,NA,NA,0
"CH05_15","High CO2",7,0,NA,NA,NA,NA,NA
"CH05_16","High CO2",6,0,NA,NA,NA,NA,NA
"CH05_17","High CO2",32,1,NA,NA,NA,NA,NA
"CH05_17","High CO2",68,NA,1,NA,NA,NA,NA
"CH05_17","High CO2",108,NA,NA,1,NA,NA,NA
"CH05_17","High CO2",178,NA,NA,NA,1,NA,NA
"CH05_17","High CO2",324,NA,NA,NA,NA,0,NA
"CH05_18","High CO2",7,0,NA,NA,NA,NA,NA
"CH05_19","High CO2",20,0,NA,NA,NA,NA,NA
"CH05_2","High CO2",28,1,NA,NA,NA,NA,NA
"CH05_2","High CO2",57,NA,1,NA,NA,NA,NA
"CH05_2","High CO2",95,NA,NA,1,NA,NA,NA
"CH05_2","High CO2",139,NA,NA,NA,1,NA,NA
"CH05_2","High CO2",196,NA,NA,NA,NA,1,NA
"CH05_2","High CO2",262,NA,NA,NA,NA,NA,1
"CH05_20","High CO2",25,0,NA,NA,NA,NA,NA
"CH05_21","High CO2",29,1,NA,NA,NA,NA,NA
"CH05_21","High CO2",63,NA,1,NA,NA,NA,NA
"CH05_21","High CO2",102,NA,NA,1,NA,NA,NA
"CH05_21","High CO2",154,NA,NA,NA,1,NA,NA
"CH05_21","High CO2",222,NA,NA,NA,NA,1,NA
"CH05_21","High CO2",280,NA,NA,NA,NA,NA,1
"CH05_22","High CO2",24,1,NA,NA,NA,NA,NA
"CH05_22","High CO2",48,NA,1,NA,NA,NA,NA
"CH05_22","High CO2",76,NA,NA,1,NA,NA,NA
"CH05_22","High CO2",120,NA,NA,NA,1,NA,NA
"CH05_22","High CO2",232,NA,NA,NA,NA,0,NA
"CH05_24","High CO2",29,1,NA,NA,NA,NA,NA
"CH05_24","High CO2",59,NA,1,NA,NA,NA,NA
"CH05_24","High CO2",103,NA,NA,1,NA,NA,NA
"CH05_24","High CO2",160,NA,NA,NA,1,NA,NA
"CH05_24","High CO2",286,NA,NA,NA,NA,1,NA
"CH05_24","High CO2",324,NA,NA,NA,NA,NA,0
"CH05_25","High CO2",21,1,NA,NA,NA,NA,NA
"CH05_25","High CO2",52,NA,1,NA,NA,NA,NA
"CH05_25","High CO2",94,NA,NA,1,NA,NA,NA
"CH05_25","High CO2",149,NA,NA,NA,1,NA,NA
"CH05_25","High CO2",254,NA,NA,NA,NA,0,NA
"CH05_26","High CO2",25,1,NA,NA,NA,NA,NA
"CH05_26","High CO2",50,NA,1,NA,NA,NA,NA
"CH05_26","High CO2",82,NA,NA,1,NA,NA,NA
"CH05_26","High CO2",138,NA,NA,NA,1,NA,NA
"CH05_26","High CO2",240,NA,NA,NA,NA,1,NA
"CH05_26","High CO2",324,NA,NA,NA,NA,NA,0
"CH05_27","High CO2",3,0,NA,NA,NA,NA,NA
"CH05_28","High CO2",16,0,NA,NA,NA,NA,NA
"CH05_29","High CO2",33,1,NA,NA,NA,NA,NA
"CH05_29","High CO2",60,NA,1,NA,NA,NA,NA
"CH05_29","High CO2",97,NA,NA,1,NA,NA,NA
"CH05_29","High CO2",156,NA,NA,NA,1,NA,NA
"CH05_29","High CO2",236,NA,NA,NA,NA,1,NA
"CH05_29","High CO2",285,NA,NA,NA,NA,NA,1
"CH05_3","High CO2",10,0,NA,NA,NA,NA,NA
"CH05_30","High CO2",7,0,NA,NA,NA,NA,NA
"CH05_31","High CO2",29,1,NA,NA,NA,NA,NA
"CH05_31","High CO2",58,NA,1,NA,NA,NA,NA
"CH05_31","High CO2",99,NA,NA,1,NA,NA,NA
"CH05_31","High CO2",154,NA,NA,NA,1,NA,NA
"CH05_31","High CO2",229,NA,NA,NA,NA,1,NA
"CH05_31","High CO2",279,NA,NA,NA,NA,NA,1
"CH05_32","High CO2",21,1,NA,NA,NA,NA,NA
"CH05_32","High CO2",47,NA,1,NA,NA,NA,NA
"CH05_32","High CO2",77,NA,NA,1,NA,NA,NA
"CH05_32","High CO2",129,NA,NA,NA,1,NA,NA
"CH05_32","High CO2",263,NA,NA,NA,NA,1,NA
"CH05_32","High CO2",322,NA,NA,NA,NA,NA,0
"CH05_33","High CO2",31,1,NA,NA,NA,NA,NA
"CH05_33","High CO2",67,NA,1,NA,NA,NA,NA
"CH05_33","High CO2",118,NA,NA,1,NA,NA,NA
"CH05_33","High CO2",177,NA,NA,NA,1,NA,NA
"CH05_33","High CO2",243,NA,NA,NA,NA,1,NA
"CH05_33","High CO2",258,NA,NA,NA,NA,NA,1
"CH05_34","High CO2",1,0,NA,NA,NA,NA,NA
"CH05_35","High CO2",31,1,NA,NA,NA,NA,NA
"CH05_35","High CO2",58,NA,1,NA,NA,NA,NA
"CH05_35","High CO2",108,NA,NA,1,NA,NA,NA
"CH05_35","High CO2",131,NA,NA,NA,0,NA,NA
"CH05_36","High CO2",24,1,NA,NA,NA,NA,NA
"CH05_36","High CO2",55,NA,1,NA,NA,NA,NA
"CH05_36","High CO2",91,NA,NA,1,NA,NA,NA
"CH05_36","High CO2",142,NA,NA,NA,1,NA,NA
"CH05_36","High CO2",249,NA,NA,NA,NA,1,NA
"CH05_36","High CO2",306,NA,NA,NA,NA,NA,1
"CH05_37","High CO2",23,1,NA,NA,NA,NA,NA
"CH05_37","High CO2",52,NA,1,NA,NA,NA,NA
"CH05_37","High CO2",91,NA,NA,1,NA,NA,NA
"CH05_37","High CO2",138,NA,NA,NA,1,NA,NA
"CH05_37","High CO2",214,NA,NA,NA,NA,1,NA
"CH05_37","High CO2",262,NA,NA,NA,NA,NA,1
"CH05_38","High CO2",26,0,NA,NA,NA,NA,NA
"CH05_39","High CO2",28,1,NA,NA,NA,NA,NA
"CH05_39","High CO2",55,NA,1,NA,NA,NA,NA
"CH05_39","High CO2",85,NA,NA,1,NA,NA,NA
"CH05_39","High CO2",145,NA,NA,NA,1,NA,NA
"CH05_39","High CO2",186,NA,NA,NA,NA,0,NA
"CH05_4","High CO2",9,0,NA,NA,NA,NA,NA
"CH05_40","High CO2",3,0,NA,NA,NA,NA,NA
"CH05_41","High CO2",23,1,NA,NA,NA,NA,NA
"CH05_41","High CO2",52,NA,1,NA,NA,NA,NA
"CH05_41","High CO2",95,NA,NA,1,NA,NA,NA
"CH05_41","High CO2",152,NA,NA,NA,1,NA,NA
"CH05_41","High CO2",324,NA,NA,NA,NA,0,NA
"CH05_42","High CO2",19,0,NA,NA,NA,NA,NA
"CH05_5","High CO2",26,1,NA,NA,NA,NA,NA
"CH05_5","High CO2",59,NA,1,NA,NA,NA,NA
"CH05_5","High CO2",105,NA,NA,1,NA,NA,NA
"CH05_5","High CO2",165,NA,NA,NA,1,NA,NA
"CH05_5","High CO2",238,NA,NA,NA,NA,1,NA
"CH05_5","High CO2",324,NA,NA,NA,NA,NA,0
"CH05_6","High CO2",34,1,NA,NA,NA,NA,NA
"CH05_6","High CO2",71,NA,1,NA,NA,NA,NA
"CH05_6","High CO2",116,NA,NA,1,NA,NA,NA
"CH05_6","High CO2",163,NA,NA,NA,1,NA,NA
"CH05_6","High CO2",231,NA,NA,NA,NA,1,NA
"CH05_6","High CO2",280,NA,NA,NA,NA,NA,1
"CH05_7","High CO2",36,1,NA,NA,NA,NA,NA
"CH05_7","High CO2",68,NA,1,NA,NA,NA,NA
"CH05_7","High CO2",117,NA,NA,1,NA,NA,NA
"CH05_7","High CO2",178,NA,NA,NA,1,NA,NA
"CH05_7","High CO2",260,NA,NA,NA,NA,1,NA
"CH05_7","High CO2",323,NA,NA,NA,NA,NA,0
"CH05_8","High CO2",20,1,NA,NA,NA,NA,NA
"CH05_8","High CO2",47,NA,1,NA,NA,NA,NA
"CH05_8","High CO2",88,NA,NA,1,NA,NA,NA
"CH05_8","High CO2",124,NA,NA,NA,1,NA,NA
"CH05_8","High CO2",201,NA,NA,NA,NA,1,NA
"CH05_8","High CO2",290,NA,NA,NA,NA,NA,1
"CH05_9","High CO2",24,1,NA,NA,NA,NA,NA
"CH05_9","High CO2",54,NA,1,NA,NA,NA,NA
"CH05_9","High CO2",93,NA,NA,1,NA,NA,NA
"CH05_9","High CO2",142,NA,NA,NA,1,NA,NA
"CH05_9","High CO2",221,NA,NA,NA,NA,1,NA
"CH05_9","High CO2",324,NA,NA,NA,NA,NA,0
"CH07_1","Low CO2",20,0,NA,NA,NA,NA,NA
"CH07_10","Low CO2",26,1,NA,NA,NA,NA,NA
"CH07_10","Low CO2",53,NA,1,NA,NA,NA,NA
"CH07_10","Low CO2",93,NA,NA,1,NA,NA,NA
"CH07_10","Low CO2",153,NA,NA,NA,1,NA,NA
"CH07_10","Low CO2",311,NA,NA,NA,NA,0,NA
"CH07_11","Low CO2",22,1,NA,NA,NA,NA,NA
"CH07_11","Low CO2",50,NA,1,NA,NA,NA,NA
"CH07_11","Low CO2",81,NA,NA,1,NA,NA,NA
"CH07_11","Low CO2",125,NA,NA,NA,1,NA,NA
"CH07_11","Low CO2",197,NA,NA,NA,NA,1,NA
"CH07_11","Low CO2",324,NA,NA,NA,NA,NA,0
"CH07_12","Low CO2",22,1,NA,NA,NA,NA,NA
"CH07_12","Low CO2",46,NA,1,NA,NA,NA,NA
"CH07_12","Low CO2",75,NA,NA,1,NA,NA,NA
"CH07_12","Low CO2",124,NA,NA,NA,1,NA,NA
"CH07_12","Low CO2",244,NA,NA,NA,NA,0,NA
"CH07_13","Low CO2",2,0,NA,NA,NA,NA,NA
"CH07_14","Low CO2",9,0,NA,NA,NA,NA,NA
"CH07_15","Low CO2",17,0,NA,NA,NA,NA,NA
"CH07_16","Low CO2",26,1,NA,NA,NA,NA,NA
"CH07_16","Low CO2",55,NA,1,NA,NA,NA,NA
"CH07_16","Low CO2",92,NA,NA,1,NA,NA,NA
"CH07_16","Low CO2",138,NA,NA,NA,1,NA,NA
"CH07_16","Low CO2",263,NA,NA,NA,NA,1,NA
"CH07_16","Low CO2",287,NA,NA,NA,NA,NA,0
"CH07_17","Low CO2",21,1,NA,NA,NA,NA,NA
"CH07_17","Low CO2",50,NA,1,NA,NA,NA,NA
"CH07_17","Low CO2",80,NA,NA,1,NA,NA,NA
"CH07_17","Low CO2",120,NA,NA,NA,1,NA,NA
"CH07_17","Low CO2",167,NA,NA,NA,NA,0,NA
"CH07_18","Low CO2",17,0,NA,NA,NA,NA,NA
"CH07_19","Low CO2",30,1,NA,NA,NA,NA,NA
"CH07_19","Low CO2",51,NA,0,NA,NA,NA,NA
"CH07_2","Low CO2",27,0,NA,NA,NA,NA,NA
"CH07_20","Low CO2",5,0,NA,NA,NA,NA,NA
"CH07_21","Low CO2",19,1,NA,NA,NA,NA,NA
"CH07_21","Low CO2",49,NA,0,NA,NA,NA,NA
"CH07_22","Low CO2",21,1,NA,NA,NA,NA,NA
"CH07_22","Low CO2",50,NA,1,NA,NA,NA,NA
"CH07_22","Low CO2",81,NA,NA,1,NA,NA,NA
"CH07_22","Low CO2",218,NA,NA,NA,0,NA,NA
"CH07_23","Low CO2",23,1,NA,NA,NA,NA,NA
"CH07_23","Low CO2",50,NA,1,NA,NA,NA,NA
"CH07_23","Low CO2",79,NA,NA,1,NA,NA,NA
"CH07_23","Low CO2",126,NA,NA,NA,1,NA,NA
"CH07_23","Low CO2",301,NA,NA,NA,NA,0,NA
"CH07_24","Low CO2",28,1,NA,NA,NA,NA,NA
"CH07_24","Low CO2",55,NA,1,NA,NA,NA,NA
"CH07_24","Low CO2",83,NA,NA,1,NA,NA,NA
"CH07_24","Low CO2",121,NA,NA,NA,1,NA,NA
"CH07_24","Low CO2",189,NA,NA,NA,NA,1,NA
"CH07_24","Low CO2",288,NA,NA,NA,NA,NA,1
"CH07_25","Low CO2",25,1,NA,NA,NA,NA,NA
"CH07_25","Low CO2",54,NA,1,NA,NA,NA,NA
"CH07_25","Low CO2",84,NA,NA,1,NA,NA,NA
"CH07_25","Low CO2",137,NA,NA,NA,1,NA,NA
"CH07_25","Low CO2",233,NA,NA,NA,NA,0,NA
"CH07_26","Low CO2",25,1,NA,NA,NA,NA,NA
"CH07_26","Low CO2",52,NA,1,NA,NA,NA,NA
"CH07_26","Low CO2",95,NA,NA,1,NA,NA,NA
"CH07_26","Low CO2",149,NA,NA,NA,1,NA,NA
"CH07_26","Low CO2",270,NA,NA,NA,NA,0,NA
"CH07_27","Low CO2",5,0,NA,NA,NA,NA,NA
"CH07_28","Low CO2",10,0,NA,NA,NA,NA,NA
"CH07_29","Low CO2",5,0,NA,NA,NA,NA,NA
"CH07_3","Low CO2",27,1,NA,NA,NA,NA,NA
"CH07_3","Low CO2",51,NA,1,NA,NA,NA,NA
"CH07_3","Low CO2",87,NA,NA,1,NA,NA,NA
"CH07_3","Low CO2",137,NA,NA,NA,1,NA,NA
"CH07_3","Low CO2",280,NA,NA,NA,NA,0,NA
"CH07_30","Low CO2",27,0,NA,NA,NA,NA,NA
"CH07_4","Low CO2",24,1,NA,NA,NA,NA,NA
"CH07_4","Low CO2",54,NA,1,NA,NA,NA,NA
"CH07_4","Low CO2",87,NA,NA,1,NA,NA,NA
"CH07_4","Low CO2",135,NA,NA,NA,1,NA,NA
"CH07_4","Low CO2",268,NA,NA,NA,NA,1,NA
"CH07_4","Low CO2",321,NA,NA,NA,NA,NA,0
"CH07_5","Low CO2",27,1,NA,NA,NA,NA,NA
"CH07_5","Low CO2",56,NA,1,NA,NA,NA,NA
"CH07_5","Low CO2",86,NA,NA,1,NA,NA,NA
"CH07_5","Low CO2",141,NA,NA,NA,1,NA,NA
"CH07_5","Low CO2",216,NA,NA,NA,NA,0,NA
"CH07_6","Low CO2",23,1,NA,NA,NA,NA,NA
"CH07_6","Low CO2",47,NA,1,NA,NA,NA,NA
"CH07_6","Low CO2",75,NA,NA,1,NA,NA,NA
"CH07_6","Low CO2",121,NA,NA,NA,1,NA,NA
"CH07_6","Low CO2",219,NA,NA,NA,NA,1,NA
"CH07_6","Low CO2",291,NA,NA,NA,NA,NA,1
"CH07_7","Low CO2",31,1,NA,NA,NA,NA,NA
"CH07_7","Low CO2",59,NA,1,NA,NA,NA,NA
"CH07_7","Low CO2",94,NA,NA,1,NA,NA,NA
"CH07_7","Low CO2",228,NA,NA,NA,0,NA,NA
"CH07_8","Low CO2",40,1,NA,NA,NA,NA,NA
"CH07_8","Low CO2",72,NA,1,NA,NA,NA,NA
"CH07_8","Low CO2",122,NA,NA,1,NA,NA,NA
"CH07_8","Low CO2",171,NA,NA,NA,1,NA,NA
"CH07_8","Low CO2",244,NA,NA,NA,NA,1,NA
"CH07_8","Low CO2",317,NA,NA,NA,NA,NA,0
"CH07_9","Low CO2",30,0,NA,NA,NA,NA,NA
"CH07_P6","Low CO2",33,1,NA,NA,NA,NA,NA
"CH07_P6","Low CO2",63,NA,1,NA,NA,NA,NA
"CH07_P6","Low CO2",102,NA,NA,1,NA,NA,NA
"CH07_P6","Low CO2",149,NA,NA,NA,1,NA,NA
"CH07_P6","Low CO2",268,NA,NA,NA,NA,0,NA
"CH09_1","High CO2",30,1,NA,NA,NA,NA,NA
"CH09_1","High CO2",60,NA,1,NA,NA,NA,NA
"CH09_1","High CO2",110,NA,NA,1,NA,NA,NA
"CH09_1","High CO2",172,NA,NA,NA,1,NA,NA
"CH09_1","High CO2",177,NA,NA,NA,NA,0,NA
"CH09_10","High CO2",24,1,NA,NA,NA,NA,NA
"CH09_10","High CO2",51,NA,1,NA,NA,NA,NA
"CH09_10","High CO2",79,NA,NA,1,NA,NA,NA
"CH09_10","High CO2",122,NA,NA,NA,1,NA,NA
"CH09_10","High CO2",181,NA,NA,NA,NA,1,NA
"CH09_10","High CO2",242,NA,NA,NA,NA,NA,1
"CH09_11","High CO2",25,1,NA,NA,NA,NA,NA
"CH09_11","High CO2",60,NA,1,NA,NA,NA,NA
"CH09_11","High CO2",96,NA,NA,1,NA,NA,NA
"CH09_11","High CO2",159,NA,NA,NA,1,NA,NA
"CH09_11","High CO2",292,NA,NA,NA,NA,1,NA
"CH09_11","High CO2",320,NA,NA,NA,NA,NA,0
"CH09_12","High CO2",1,0,NA,NA,NA,NA,NA
"CH09_13","High CO2",26,1,NA,NA,NA,NA,NA
"CH09_13","High CO2",61,NA,1,NA,NA,NA,NA
"CH09_13","High CO2",99,NA,NA,1,NA,NA,NA
"CH09_13","High CO2",167,NA,NA,NA,1,NA,NA
"CH09_13","High CO2",235,NA,NA,NA,NA,1,NA
"CH09_13","High CO2",278,NA,NA,NA,NA,NA,1
"CH09_14","High CO2",36,0,NA,NA,NA,NA,NA
"CH09_15","High CO2",24,0,NA,NA,NA,NA,NA
"CH09_16","High CO2",17,0,NA,NA,NA,NA,NA
"CH09_17","High CO2",48,1,NA,NA,NA,NA,NA
"CH09_17","High CO2",61,NA,0,NA,NA,NA,NA
"CH09_18","High CO2",32,1,NA,NA,NA,NA,NA
"CH09_18","High CO2",62,NA,1,NA,NA,NA,NA
"CH09_18","High CO2",93,NA,NA,1,NA,NA,NA
"CH09_18","High CO2",146,NA,NA,NA,1,NA,NA
"CH09_18","High CO2",223,NA,NA,NA,NA,1,NA
"CH09_18","High CO2",276,NA,NA,NA,NA,NA,1
"CH09_19","High CO2",30,1,NA,NA,NA,NA,NA
"CH09_19","High CO2",65,NA,1,NA,NA,NA,NA
"CH09_19","High CO2",76,NA,NA,0,NA,NA,NA
"CH09_2","High CO2",20,1,NA,NA,NA,NA,NA
"CH09_2","High CO2",48,NA,1,NA,NA,NA,NA
"CH09_2","High CO2",78,NA,NA,1,NA,NA,NA
"CH09_2","High CO2",130,NA,NA,NA,1,NA,NA
"CH09_2","High CO2",236,NA,NA,NA,NA,1,NA
"CH09_2","High CO2",324,NA,NA,NA,NA,NA,0
"CH09_20","High CO2",30,1,NA,NA,NA,NA,NA
"CH09_20","High CO2",63,NA,1,NA,NA,NA,NA
"CH09_20","High CO2",111,NA,NA,1,NA,NA,NA
"CH09_20","High CO2",162,NA,NA,NA,1,NA,NA
"CH09_20","High CO2",236,NA,NA,NA,NA,1,NA
"CH09_20","High CO2",290,NA,NA,NA,NA,NA,1
"CH09_21","High CO2",51,0,NA,NA,NA,NA,NA
"CH09_22","High CO2",22,1,NA,NA,NA,NA,NA
"CH09_22","High CO2",54,NA,1,NA,NA,NA,NA
"CH09_22","High CO2",93,NA,NA,1,NA,NA,NA
"CH09_22","High CO2",142,NA,NA,NA,1,NA,NA
"CH09_22","High CO2",226,NA,NA,NA,NA,1,NA
"CH09_22","High CO2",291,NA,NA,NA,NA,NA,0
"CH09_23","High CO2",25,1,NA,NA,NA,NA,NA
"CH09_23","High CO2",43,NA,0,NA,NA,NA,NA
"CH09_24","High CO2",9,0,NA,NA,NA,NA,NA
"CH09_25","High CO2",29,1,NA,NA,NA,NA,NA
"CH09_25","High CO2",44,NA,0,NA,NA,NA,NA
"CH09_26","High CO2",23,1,NA,NA,NA,NA,NA
"CH09_26","High CO2",48,NA,1,NA,NA,NA,NA
"CH09_26","High CO2",73,NA,NA,1,NA,NA,NA
"CH09_26","High CO2",109,NA,NA,NA,1,NA,NA
"CH09_26","High CO2",155,NA,NA,NA,NA,1,NA
"CH09_26","High CO2",234,NA,NA,NA,NA,NA,1
"CH09_27","High CO2",24,1,NA,NA,NA,NA,NA
"CH09_27","High CO2",51,NA,1,NA,NA,NA,NA
"CH09_27","High CO2",91,NA,NA,1,NA,NA,NA
"CH09_27","High CO2",136,NA,NA,NA,1,NA,NA
"CH09_27","High CO2",208,NA,NA,NA,NA,1,NA
"CH09_27","High CO2",263,NA,NA,NA,NA,NA,1
"CH09_28","High CO2",23,1,NA,NA,NA,NA,NA
"CH09_28","High CO2",48,NA,1,NA,NA,NA,NA
"CH09_28","High CO2",77,NA,NA,1,NA,NA,NA
"CH09_28","High CO2",124,NA,NA,NA,1,NA,NA
"CH09_28","High CO2",183,NA,NA,NA,NA,1,NA
"CH09_28","High CO2",324,NA,NA,NA,NA,NA,0
"CH09_29","High CO2",27,1,NA,NA,NA,NA,NA
"CH09_29","High CO2",52,NA,1,NA,NA,NA,NA
"CH09_29","High CO2",88,NA,NA,1,NA,NA,NA
"CH09_29","High CO2",129,NA,NA,NA,1,NA,NA
"CH09_29","High CO2",180,NA,NA,NA,NA,1,NA
"CH09_29","High CO2",252,NA,NA,NA,NA,NA,1
"CH09_3","High CO2",25,1,NA,NA,NA,NA,NA
"CH09_3","High CO2",31,NA,0,NA,NA,NA,NA
"CH09_30","High CO2",26,1,NA,NA,NA,NA,NA
"CH09_30","High CO2",56,NA,1,NA,NA,NA,NA
"CH09_30","High CO2",85,NA,NA,1,NA,NA,NA
"CH09_30","High CO2",135,NA,NA,NA,1,NA,NA
"CH09_30","High CO2",203,NA,NA,NA,NA,1,NA
"CH09_30","High CO2",261,NA,NA,NA,NA,NA,1
"CH09_31","High CO2",29,1,NA,NA,NA,NA,NA
"CH09_31","High CO2",77,NA,1,NA,NA,NA,NA
"CH09_31","High CO2",116,NA,NA,1,NA,NA,NA
"CH09_31","High CO2",176,NA,NA,NA,1,NA,NA
"CH09_31","High CO2",249,NA,NA,NA,NA,1,NA
"CH09_31","High CO2",324,NA,NA,NA,NA,NA,0
"CH09_32","High CO2",23,1,NA,NA,NA,NA,NA
"CH09_32","High CO2",52,NA,1,NA,NA,NA,NA
"CH09_32","High CO2",95,NA,NA,1,NA,NA,NA
"CH09_32","High CO2",142,NA,NA,NA,1,NA,NA
"CH09_32","High CO2",223,NA,NA,NA,NA,1,NA
"CH09_32","High CO2",277,NA,NA,NA,NA,NA,0
"CH09_33","High CO2",21,1,NA,NA,NA,NA,NA
"CH09_33","High CO2",31,NA,0,NA,NA,NA,NA
"CH09_34","High CO2",50,1,NA,NA,NA,NA,NA
"CH09_34","High CO2",102,NA,0,NA,NA,NA,NA
"CH09_35","High CO2",20,1,NA,NA,NA,NA,NA
"CH09_35","High CO2",58,NA,1,NA,NA,NA,NA
"CH09_35","High CO2",119,NA,NA,1,NA,NA,NA
"CH09_35","High CO2",186,NA,NA,NA,1,NA,NA
"CH09_35","High CO2",323,NA,NA,NA,NA,0,NA
"CH09_36","High CO2",15,0,NA,NA,NA,NA,NA
"CH09_37","High CO2",10,0,NA,NA,NA,NA,NA
"CH09_38","High CO2",13,0,NA,NA,NA,NA,NA
"CH09_39","High CO2",25,1,NA,NA,NA,NA,NA
"CH09_39","High CO2",56,NA,1,NA,NA,NA,NA
"CH09_39","High CO2",90,NA,NA,1,NA,NA,NA
"CH09_39","High CO2",135,NA,NA,NA,0,NA,NA
"CH09_4","High CO2",35,1,NA,NA,NA,NA,NA
"CH09_4","High CO2",70,NA,1,NA,NA,NA,NA
"CH09_4","High CO2",101,NA,NA,0,NA,NA,NA
"CH09_40","High CO2",25,1,NA,NA,NA,NA,NA
"CH09_40","High CO2",55,NA,1,NA,NA,NA,NA
"CH09_40","High CO2",101,NA,NA,1,NA,NA,NA
"CH09_40","High CO2",160,NA,NA,NA,1,NA,NA
"CH09_40","High CO2",237,NA,NA,NA,NA,1,NA
"CH09_40","High CO2",288,NA,NA,NA,NA,NA,0
"CH09_41","High CO2",15,0,NA,NA,NA,NA,NA
"CH09_42","High CO2",21,1,NA,NA,NA,NA,NA
"CH09_42","High CO2",46,NA,1,NA,NA,NA,NA
"CH09_42","High CO2",80,NA,NA,1,NA,NA,NA
"CH09_42","High CO2",134,NA,NA,NA,1,NA,NA
"CH09_42","High CO2",210,NA,NA,NA,NA,1,NA
"CH09_42","High CO2",266,NA,NA,NA,NA,NA,1
"CH09_6","High CO2",26,0,NA,NA,NA,NA,NA
"CH09_7","High CO2",14,0,NA,NA,NA,NA,NA
"CH09_8","High CO2",7,0,NA,NA,NA,NA,NA
"CH09_9","High CO2",43,1,NA,NA,NA,NA,NA
"CH09_9","High CO2",100,NA,1,NA,NA,NA,NA
"CH09_9","High CO2",160,NA,NA,1,NA,NA,NA
"CH09_9","High CO2",297,NA,NA,NA,1,NA,NA
"CH09_9","High CO2",321,NA,NA,NA,NA,0,NA
"CH10_1","High CO2",39,1,NA,NA,NA,NA,NA
"CH10_1","High CO2",71,NA,1,NA,NA,NA,NA
"CH10_1","High CO2",108,NA,NA,1,NA,NA,NA
"CH10_1","High CO2",163,NA,NA,NA,1,NA,NA
"CH10_1","High CO2",241,NA,NA,NA,NA,1,NA
"CH10_1","High CO2",321,NA,NA,NA,NA,NA,0
"CH10_10","High CO2",29,0,NA,NA,NA,NA,NA
"CH10_11","High CO2",34,1,NA,NA,NA,NA,NA
"CH10_11","High CO2",64,NA,1,NA,NA,NA,NA
"CH10_11","High CO2",112,NA,NA,1,NA,NA,NA
"CH10_11","High CO2",171,NA,NA,NA,1,NA,NA
"CH10_11","High CO2",244,NA,NA,NA,NA,1,NA
"CH10_11","High CO2",321,NA,NA,NA,NA,NA,0
"CH10_12","High CO2",28,0,NA,NA,NA,NA,NA
"CH10_13","High CO2",25,1,NA,NA,NA,NA,NA
"CH10_13","High CO2",53,NA,1,NA,NA,NA,NA
"CH10_13","High CO2",89,NA,NA,1,NA,NA,NA
"CH10_13","High CO2",151,NA,NA,NA,1,NA,NA
"CH10_13","High CO2",239,NA,NA,NA,NA,1,NA
"CH10_13","High CO2",291,NA,NA,NA,NA,NA,1
"CH10_14","High CO2",29,1,NA,NA,NA,NA,NA
"CH10_14","High CO2",61,NA,1,NA,NA,NA,NA
"CH10_14","High CO2",111,NA,NA,1,NA,NA,NA
"CH10_14","High CO2",153,NA,NA,NA,0,NA,NA
"CH10_15","High CO2",28,1,NA,NA,NA,NA,NA
"CH10_15","High CO2",62,NA,0,NA,NA,NA,NA
"CH10_16","High CO2",21,0,NA,NA,NA,NA,NA
"CH10_17","High CO2",29,1,NA,NA,NA,NA,NA
"CH10_17","High CO2",92,NA,1,NA,NA,NA,NA
"CH10_17","High CO2",153,NA,NA,1,NA,NA,NA
"CH10_17","High CO2",230,NA,NA,NA,1,NA,NA
"CH10_17","High CO2",248,NA,NA,NA,NA,1,NA
"CH10_17","High CO2",314,NA,NA,NA,NA,NA,1
"CH10_18","High CO2",29,1,NA,NA,NA,NA,NA
"CH10_18","High CO2",55,NA,1,NA,NA,NA,NA
"CH10_18","High CO2",102,NA,NA,1,NA,NA,NA
"CH10_18","High CO2",287,NA,NA,NA,0,NA,NA
"CH10_19","High CO2",31,1,NA,NA,NA,NA,NA
"CH10_19","High CO2",58,NA,1,NA,NA,NA,NA
"CH10_19","High CO2",88,NA,NA,1,NA,NA,NA
"CH10_19","High CO2",140,NA,NA,NA,1,NA,NA
"CH10_19","High CO2",222,NA,NA,NA,NA,1,NA
"CH10_19","High CO2",291,NA,NA,NA,NA,NA,1
"CH10_2","High CO2",29,1,NA,NA,NA,NA,NA
"CH10_2","High CO2",57,NA,1,NA,NA,NA,NA
"CH10_2","High CO2",89,NA,NA,1,NA,NA,NA
"CH10_2","High CO2",144,NA,NA,NA,1,NA,NA
"CH10_2","High CO2",218,NA,NA,NA,NA,1,NA
"CH10_2","High CO2",267,NA,NA,NA,NA,NA,1
"CH10_21","High CO2",25,1,NA,NA,NA,NA,NA
"CH10_21","High CO2",52,NA,1,NA,NA,NA,NA
"CH10_21","High CO2",96,NA,NA,1,NA,NA,NA
"CH10_21","High CO2",150,NA,NA,NA,1,NA,NA
"CH10_21","High CO2",230,NA,NA,NA,NA,1,NA
"CH10_21","High CO2",291,NA,NA,NA,NA,NA,0
"CH10_22","High CO2",26,1,NA,NA,NA,NA,NA
"CH10_22","High CO2",58,NA,1,NA,NA,NA,NA
"CH10_22","High CO2",98,NA,NA,1,NA,NA,NA
"CH10_22","High CO2",157,NA,NA,NA,1,NA,NA
"CH10_22","High CO2",240,NA,NA,NA,NA,1,NA
"CH10_22","High CO2",288,NA,NA,NA,NA,NA,1
"CH10_24","High CO2",21,1,NA,NA,NA,NA,NA
"CH10_24","High CO2",51,NA,1,NA,NA,NA,NA
"CH10_24","High CO2",80,NA,NA,1,NA,NA,NA
"CH10_24","High CO2",123,NA,NA,NA,1,NA,NA
"CH10_24","High CO2",215,NA,NA,NA,NA,1,NA
"CH10_24","High CO2",264,NA,NA,NA,NA,NA,1
"CH10_25","High CO2",37,1,NA,NA,NA,NA,NA
"CH10_25","High CO2",57,NA,0,NA,NA,NA,NA
"CH10_26","High CO2",29,1,NA,NA,NA,NA,NA
"CH10_26","High CO2",61,NA,1,NA,NA,NA,NA
"CH10_26","High CO2",175,NA,NA,0,NA,NA,NA
"CH10_28","High CO2",28,1,NA,NA,NA,NA,NA
"CH10_28","High CO2",53,NA,1,NA,NA,NA,NA
"CH10_28","High CO2",103,NA,NA,1,NA,NA,NA
"CH10_28","High CO2",160,NA,NA,NA,1,NA,NA
"CH10_28","High CO2",237,NA,NA,NA,NA,1,NA
"CH10_28","High CO2",322,NA,NA,NA,NA,NA,0
"CH10_29","High CO2",27,1,NA,NA,NA,NA,NA
"CH10_29","High CO2",37,NA,0,NA,NA,NA,NA
"CH10_3","High CO2",23,0,NA,NA,NA,NA,NA
"CH10_30","High CO2",17,0,NA,NA,NA,NA,NA
"CH10_32","High CO2",30,1,NA,NA,NA,NA,NA
"CH10_32","High CO2",65,NA,1,NA,NA,NA,NA
"CH10_32","High CO2",101,NA,NA,1,NA,NA,NA
"CH10_32","High CO2",149,NA,NA,NA,1,NA,NA
"CH10_32","High CO2",224,NA,NA,NA,NA,1,NA
"CH10_32","High CO2",274,NA,NA,NA,NA,NA,1
"CH10_33","High CO2",15,0,NA,NA,NA,NA,NA
"CH10_34","High CO2",30,1,NA,NA,NA,NA,NA
"CH10_34","High CO2",62,NA,1,NA,NA,NA,NA
"CH10_34","High CO2",106,NA,NA,1,NA,NA,NA
"CH10_34","High CO2",156,NA,NA,NA,1,NA,NA
"CH10_34","High CO2",225,NA,NA,NA,NA,1,NA
"CH10_34","High CO2",277,NA,NA,NA,NA,NA,1
"CH10_35","High CO2",23,1,NA,NA,NA,NA,NA
"CH10_35","High CO2",50,NA,1,NA,NA,NA,NA
"CH10_35","High CO2",59,NA,NA,0,NA,NA,NA
"CH10_36","High CO2",32,1,NA,NA,NA,NA,NA
"CH10_36","High CO2",65,NA,1,NA,NA,NA,NA
"CH10_36","High CO2",125,NA,NA,1,NA,NA,NA
"CH10_36","High CO2",199,NA,NA,NA,1,NA,NA
"CH10_36","High CO2",263,NA,NA,NA,NA,1,NA
"CH10_36","High CO2",322,NA,NA,NA,NA,NA,0
"CH10_37","High CO2",32,1,NA,NA,NA,NA,NA
"CH10_37","High CO2",66,NA,1,NA,NA,NA,NA
"CH10_37","High CO2",103,NA,NA,1,NA,NA,NA
"CH10_37","High CO2",150,NA,NA,NA,1,NA,NA
"CH10_37","High CO2",281,NA,NA,NA,NA,0,NA
"CH10_38","High CO2",1,0,NA,NA,NA,NA,NA
"CH10_4","High CO2",2,0,NA,NA,NA,NA,NA
"CH10_40","High CO2",23,1,NA,NA,NA,NA,NA
"CH10_40","High CO2",50,NA,1,NA,NA,NA,NA
"CH10_40","High CO2",90,NA,NA,1,NA,NA,NA
"CH10_40","High CO2",145,NA,NA,NA,1,NA,NA
"CH10_40","High CO2",241,NA,NA,NA,NA,1,NA
"CH10_40","High CO2",324,NA,NA,NA,NA,NA,0
"CH10_41","High CO2",9,0,NA,NA,NA,NA,NA
"CH10_5","High CO2",9,0,NA,NA,NA,NA,NA
"CH10_6","High CO2",32,1,NA,NA,NA,NA,NA
"CH10_6","High CO2",62,NA,1,NA,NA,NA,NA
"CH10_6","High CO2",99,NA,NA,1,NA,NA,NA
"CH10_6","High CO2",155,NA,NA,NA,1,NA,NA
"CH10_6","High CO2",221,NA,NA,NA,NA,1,NA
"CH10_6","High CO2",296,NA,NA,NA,NA,NA,0
"CH10_7","High CO2",21,1,NA,NA,NA,NA,NA
"CH10_7","High CO2",51,NA,1,NA,NA,NA,NA
"CH10_7","High CO2",81,NA,NA,1,NA,NA,NA
"CH10_7","High CO2",133,NA,NA,NA,1,NA,NA
"CH10_7","High CO2",166,NA,NA,NA,NA,0,NA
"CH10_8","High CO2",30,1,NA,NA,NA,NA,NA
"CH10_8","High CO2",75,NA,1,NA,NA,NA,NA
"CH10_8","High CO2",123,NA,NA,1,NA,NA,NA
"CH10_8","High CO2",215,NA,NA,NA,1,NA,NA
"CH10_8","High CO2",264,NA,NA,NA,NA,1,NA
"CH10_8","High CO2",324,NA,NA,NA,NA,NA,0
"CH10_9","High CO2",24,1,NA,NA,NA,NA,NA
"CH10_9","High CO2",52,NA,1,NA,NA,NA,NA
"CH10_9","High CO2",62,NA,NA,0,NA,NA,NA
